CAMA — CONTENT MASTER,,,,,,,,,,,,,,,,,,,,,
,,Một dòng = một gói content/release. Cẩm duyệt chất lượng trước; chỉ khi chuyển “Đã đăng” và Trúc nhập ngày thực tế thì Calendar mới tự hiện.,,,,,,,,,,,,,,,,,,,
,,GÓI CONTENT,,,QUALITY GATE - CẨM,CONTENT THEO NỀN TẢNG,,,,,,,,RELEASE THỰC TẾ — TRÚC,,,,,,,
,,,,,,,,,,,,,,,,,,,,,
STT,Ngày làm,Gói content / chủ đề,ĐĂNG ,Production final asset / Link Drive,Cần sửa gì,Kịch bản thoại,TikTok content,Page Váy content,Page Suit content,Page Studio content,TikTok mới,Page Academy,Cao Hung Nguyen,Ngày đăng thực tế,TikTok link,Váy link,Suit link,Academy link,Studio link,Key Calendar,Nhãn Calendar
1,01/08/2026,TIMLESS ROMANCE,Đã đăng,,,,,,,"CAMA | TIMLESS ROMANCE
Giữa không gian studio tối giản, nổi bật hình ảnh nàng dâu kiêu sa trong thiết kế váy đuôi cá satin ôm sát tôn đường cong uyển chuyển, tay áo dài phối ren tinh tế cùng nụ cười rạng rỡ, bên cạnh chú rể lịch lãm trong bộ tuxedo đen hai hàng khuy viền satin đầy vững chãi và thời thượng. Bức ảnh tập trung khắc họa trọn vẹn thần thái sang trọng và cảm xúc chân thực, lưu giữ khoảnh khắc thanh xuân bình yên và viên mãn của cả hai.
[CAMA HAUTE COUTURE] — Creative Director: NGUYEN VAN CAO
Hotline: 0983.144.444
Địa chỉ: 33 Hoàng Văn Thụ, P.15, Q. Phú Nhuận, TP.HCM
#CamaHauteCouture #CamaWedding #CamaBridal #VayCuoiThietKe #HauteCoutureBridal #HighFashionBridal #VayCuoi #LuxuryWedding #NguyenCaoHung #FounderCama #BespokeWedding #KinhNghiemCuoi #WeddingInspo",,,,01/08/2026,,,,,https://business.facebook.com/latest/insights/object_insights/?asset_id=1127430470752683&ir_qe_exposed=1&content_id=1057369860201409&nav_ref=bizweb_planner_weekly_view,,
2,02/08/2026,MODERN NOIR,Đã đăng,,,,,,,"CAMA | MODERN NOIR
Sức hút vượt thời gian được khắc họa qua khung hình tối giản đầy nghệ thuật, nơi nàng kiêu kỳ và sắc sảo trong thiết kế đầm sequin hai dây cùng găng tay dài quyền lực. Sánh bước bên cạnh là chú rể đầy phong độ trong bộ tuxedo đen và kính râm cá tính. Bức ảnh là sự hòa quyện hoàn hảo giữa thần thái đỉnh cao và chất riêng khác biệt, tạo nên một dấu ấn đậm chất haute couture.
Hãy để CAMA lưu giữ trọn vẹn những khoảnh khắc thời thượng và đẳng cấp nhất trong ngày trọng đại của hai bạn. Ghé CAMA để bắt đầu hành trình kể câu chuyện tình yêu của riêng bạn.
[CAMA HAUTE COUTURE] — Creative Director: NGUYEN VAN CAO
Hotline: 0983.144.444
Địa chỉ: 33 Hoàng Văn Thụ, P.15, Q. Phú Nhuận, TP.HCM
#CamaHauteCouture #CamaWedding #CamaBridal #VayCuoiThietKe #HauteCoutureBridal #HighFashionBridal #VayCuoi #LuxuryWedding #NguyenCaoHung #FounderCama #BespokeWedding #KinhNghiemCuoi #WeddingInspo",,,,02/08/2026,,,,,https://business.facebook.com/latest/insights/object_insights/?asset_id=1127430470752683&ir_qe_exposed=1&content_id=1058215943450134&nav_ref=bizweb_planner_weekly_view,,
3,1/8,THE MIDNIGHT NOBLE,Đã đăng,,,,,,"CAMA SUIT | THE MIDNIGHT NOBLE
Nâng tầm phong thái phái mạnh với bộ suit xanh than một hàng khuy mang đậm nét cổ điển nhưng đầy sắc sảo. Được tinh chỉnh qua từng đường may đo chuẩn xác, bộ trang phục ôm trọn vóc dáng, kết hợp tinh tế cùng áo sơ mi trắng cổ trụ và dải nơ nâu điểm xuyết độc đáo. Hoàn thiện chất riêng thời thượng là đôi giày tây da nâu sang trọng cùng bối cảnh trưng bày đẳng cấp với rương da cổ điển và chiếc mũ fedora phóng khoáng.
Ghé CAMA SUIT để tìm kiếm bộ suit định hình dấu ấn riêng cho ngày trọng đại của bạn.
CAMA HAUTE COUTURE — Creative Director NGUYEN VAN CAO
Hotline: 0983.144.444
Địa chỉ: 33 Hoàng Văn Thụ, P.15, Q. Phú Nhuận, TP.HCM
(Liên hệ ngay để CAMA Haute Couture để được tư vấn chi tiết)   
 #CamaHauteCouture #CamaWedding #CamaBridal #VayCuoiThietKe #HauteCoutureBridal #HighFashionBridal #VayCuoi #LuxuryWedding #NguyenCaoHung #FounderCama #BespokeWedding #KinhNghiemCuoi #WeddingInspo",,,,,01/08/2026,,,https://business.facebook.com/latest/insights/object_insights/?asset_id=259566960567246&ir_qe_exposed=1&content_id=122308685276230503&nav_ref=bizweb_planner_weekly_view,,,,
4,02/08/2026, THE SAGE HERITAGE,Đã đăng,,,,,,"CAMA SUIT | THE SAGE HERITAGE
Nâng tầm phong thái lịch lãm với bộ suit xanh rêu độc đáo mang kiểu dáng hai hàng khuy thời thượng. Trang phục được may đo sắc sảo, ôm trọn vóc dáng, kết hợp hoàn hảo cùng áo sơ mi vàng nhạt cổ cao điểm xuyết chiếc nơ thắt bản lớn đầy tao nhã. Hoàn thiện tổng thể vương giả là đôi giày tây da nâu bóng bẩy đặt giữa không gian phòng trưng bày sang trọng, nơi hội tụ các kệ tủ suit phong phú, rương da cổ điển và chiếc túi xách họa tiết đặc sắc. Toàn bộ quy trình fitting chuyên sâu của CAMA đảm bảo sự căn chỉnh chuẩn xác, tôn vinh tối đa dấu ấn riêng biệt của chú rể trong ngày trọng đại.
Ghé CAMA SUIT để tìm kiếm một bộ suit mang đậm dấu ấn phong cách của riêng bạn.
CAMA HAUTE COUTURE — Creative Director NGUYEN VAN CAO
Hotline: 0983.144.444
Địa chỉ: 33 Hoàng Văn Thụ, P.15, Q. Phú Nhuận, TP.HCM
(Liên hệ ngay để CAMA Haute Couture để được tư vấn chi tiết)   
 #CamaHauteCouture #CamaWedding #CamaBridal #VayCuoiThietKe #HauteCoutureBridal #HighFashionBridal #VayCuoi #LuxuryWedding #NguyenCaoHung #FounderCama #BespokeWedding #KinhNghiemCuoi #WeddingInspo",,,,,02/08/2026,,,https://business.facebook.com/latest/insights/object_insights/?asset_id=259566960567246&ir_qe_exposed=1&content_id=122308845800230503&nav_ref=bizweb_planner_weekly_view,,,,
5,01/08/2026, LUMINARY DUET,Đã đăng,,,,,"CAMA HAUTE COUTURE | LUMINARY DUET
Mang trong mình vẻ đẹp kiêu sa và lộng lẫy tựa một tuyệt tác cổ tích, Luminary Duet đem đến trải nghiệm độc đáo với khả năng biến hóa linh hoạt giữa hai phong cách trong cùng một thiết kế.
Tâm điểm của bộ váy nằm ở phần corset cúp ngực ôm sát, tôn vinh trọn vẹn đường cong quyến rũ qua từng đường thêu đính thủ công, cườm và pha lê lấp lánh tinh xảo. Kết hợp cùng nền satin cao cấp, tùng váy ballgown bồng bềnh chuyển động uyển chuyển theo từng bước chân. Điểm nhấn đắt giá của thiết kế là phần tay áo dài tháo rời linh hoạt: khi gắn liền, cô dâu khoác lên mình nét đẹp đài các, vương giả; khi tháo ra, chiếc váy cúp ngực lại mở ra không gian thanh thoát, gợi cảm. Hoàn thiện tổng thể hoàn hảo ấy là chiếc vòng cổ choker đính cườm độc bản cùng vương miện quyền lực.
Ghé CAMA Haute Couture để trải nghiệm thiết kế dành riêng cho ngày trọng đại của bạn.
[CAMA HAUTE COUTURE] - Creative Director: NGUYEN VAN CAO
Hotline: 0983.144.444
Địa chỉ: 33 Hoàng Văn Thụ, P.15, Q. Phú Nhuận, TP.HCM
(Liên hệ ngay để CAMA Haute Couture để được tư vấn chi tiết)   
 #CamaHauteCouture #CamaWedding #VayCuoiCama #CamaBridal #VayCuoiThietKe #VayCuoiCaoCap #HauteCoutureBridal #HighFashionBridal #VayCuoi #LuxuryWedding #NguyenCaoHung #FounderCama #BespokeWedding #KinhNghiemCuoi #WeddingInspo ",,,,,,01/08/2026,,https://business.facebook.com/latest/insights/object_insights/?asset_id=102443024987294&business_id=1493988772048335&ir_qe_exposed=1&content_id=1542115504594900&nav_ref=bizweb_planner_weekly_view,,,,,
6,02/08/2026,LUMINARY EVOLUTION,Đã đăng,,,,,"CAMA HAUTE COUTURE | LUMINARY EVOLUTION
Tựa bước ra từ cổ tích, Luminary Evolution mang đến thiết kế tùng váy xòe lộng lẫy trên nền vải lụa satin cao cấp cùng phần corset cúp ngực thêu đính pha lê lấp lánh, tôn trọn đường cong thon gọn. Điểm nhấn linh hoạt đến từ phần tay áo dài xuyên thấu có thể tháo rời: kết hợp tay áo để thêm phần kín đáo, vương giả, hoặc tháo rời để hóa thân thành chiếc váy cúp ngực kiêu sa, quyến rũ. Hoàn thiện tổng thể thăng hoa với vòng cổ choker độc bản và vương miện quyền lực.
🤍Ghé CAMA Haute Couture để trải nghiệm thiết kế.
[CAMA HAUTE COUTURE] - Creative Director: NGUYEN VAN CAO
Hotline: 0983.144.444
Địa chỉ: 33 Hoàng Văn Thụ, P.15, Q. Phú Nhuận, TP.HCM
(Liên hệ ngay để CAMA Haute Couture để được tư vấn chi tiết)   
 #CamaHauteCouture #CamaWedding #VayCuoiCama #CamaBridal #VayCuoiThietKe #VayCuoiCaoCap #HauteCoutureBridal #HighFashionBridal #VayCuoi #LuxuryWedding #NguyenCaoHung #FounderCama #BespokeWedding #KinhNghiemCuoi #WeddingInspo",,,,,,2/8,,https://business.facebook.com/latest/insights/object_insights/?asset_id=102443024987294&business_id=1493988772048335&ir_qe_exposed=1&content_id=1543037277836056&nav_ref=bizweb_planner_weekly_view,,,,,
7,03/08,"✨ KHÔNG CHỈ LÀ MỘT BỘ SUIT, ĐÓ LÀ SỰ TỰ TIN VÀ PHONG THÁI ✨",Đã đăng,,,,,,"✨ KHÔNG CHỈ LÀ MỘT BỘ SUIT, ĐÓ LÀ SỰ TỰ TIN VÀ PHONG THÁI ✨

Đó là tin nhắn CAMA nhận được sau khi khách diện bộ tuxedo này đến sự kiện. Điều khiến chúng tôi vui không phải vì có thêm một lời khen, mà vì bộ suit đã hoàn thành đúng vai trò của nó: giúp người mặc xuất hiện với sự tự tin và phong thái trong một dịp quan trọng.

Với CAMA, một bộ suit không kết thúc ở buổi fitting. Giá trị của nó bắt đầu từ khoảnh khắc khách mặc bước ra ngoài, gặp gỡ mọi người và tự tin trong chính hình ảnh của mình.

Cảm ơn anh đã tin tưởng lựa chọn CAMA và gửi lại những khoảnh khắc tuyệt vời này! 🤍

Nếu bạn cũng đang chuẩn bị cho một sự kiện đặc biệt và cần một vẻ ngoài thật lịch lãm, ấn tượng:
📩 Hãy inbox ngay cho CAMA chiều cao, cân nặng và dịp mặc để chúng mình tư vấn outfit phù hợp nhất nhé!",,,,,03/08/2026,,,,,,,
8,03/08/2026,"NỖ LỰC RẤT NHIỀU, NHƯNG STUDIO VẪN MÃI ""GIẬM CHÂN"" MỘT MỨC GIÁ?",Đã đăng,,,,,,,,,"NỖ LỰC RẤT NHIỀU, NHƯNG STUDIO VẪN MÃI ""GIẬM CHÂN"" MỘT MỨC GIÁ?

Váy đẹp, concept mới, dịch vụ chu đáo... nhưng doanh thu vẫn phụ thuộc vào số lượng và chưa thể nâng cao giá trị đơn hàng?

💡 Vấn đề không nằm ở chất lượng, mà vì bạn chưa biết cách nắm bắt tâm lý và tạo ra giá trị khiến khách hàng sẵn sàng chi trả cao hơn!

🔥 Bứt phá doanh thu cùng Khóa học Nâng cao 2 ngày tại Hà Nội với Cama Academy:

📍24 – 25.08.2026 | Hà Nội

#CAMA #CAMAHauteCouture. #LuxuryWedding #KhoahocCama2026 #Makeupchuyennghiep",,03/08/2026,,,,,,,
9,03/08/2026,"✨ Khoảnh khắc thử váy ""Aura"" thực tế tại CAMA Haute Couture!",Đã đăng,,,,"✨ Khoảnh khắc thử váy ""Aura"" thực tế tại CAMA Haute Couture!

Ngay khi cô dâu bước ra trong thiết kế Aura, cả showroom đều phải trầm trồ trước vẻ đẹp lộng lẫy và kiêu sa. Từng đường nét đính kết tinh xảo cùng form dáng bồng bềnh giúp nàng hóa thân hoàn hảo thành nàng công chúa bước ra từ cổ tích.

💍 Nhắn ngay cho CAMA để đặt lịch thử chiếc váy trong mơ này nhé!

CAMA HAUTE COUTURE — Creative Director: NGUYEN VAN CAO
🌟Your Dream Dress Starts Here🌟
Ho Chi Minh City: 33 Hoàng Văn Thụ, P.15, Q. Phú Nhuận, TP.HCM| Hotline: 0983.144.444
Facebook: https://www.facebook.com/cama.haute.couture
Instagram: https://www.instagram.com/camahautecouture/

#CamaHauteCouture #CamaWedding #VayCuoiCama #CamaBridal #VayCuoiThietKe #vaycuoi #HauteCoutureBridal #HighFashionBridal #LuxuryWedding #WeddingInspiration","✨ Khoảnh khắc thử váy ""Aura"" thực tế tại CAMA Haute Couture!
Ngay khi cô dâu bước ra trong thiết kế Aura, cả showroom đều phải trầm trồ trước vẻ đẹp lộng lẫy và kiêu sa. Từng đường nét đính kết tinh xảo cùng form dáng bồng bềnh giúp nàng hóa thân hoàn hảo thành nàng công chúa bước ra từ cổ tích.
💍 Nhắn ngay cho CAMA để đặt lịch thử chiếc váy trong mơ này nhé!
[CAMA HAUTE COUTURE] - Creative Director: NGUYEN VAN CAO
Hotline: 0983.144.444
Địa chỉ: 33 Hoàng Văn Thụ, P.15, Q. Phú Nhuận, TP.HCM
(Liên hệ ngay để CAMA Haute Couture để được tư vấn chi tiết)   
 #CamaHauteCouture #CamaWedding #VayCuoiCama #CamaBridal #VayCuoiThietKe #VayCuoiCaoCap #HauteCoutureBridal #HighFashionBridal #VayCuoi #LuxuryWedding #NguyenCaoHung #FounderCama #BespokeWedding #KinhNghiemCuoi #WeddingInspo",,,,,,03/08/2026,,,,,,,
10,04/08/2026,✨ CÙNG CAMA LƯU GIỮ NHỮNG KHOẢNH KHẮC ✨,Đã đăng,,,,,,,"✨ CÙNG CAMA LƯU GIỮ NHỮNG KHOẢNH KHẮC ✨
Có những khoảnh khắc trôi qua nhưng cảm xúc ở lại vẹn nguyên trong từng khung hình. Đó là ánh mắt tình tứ, nụ cười rạng rỡ và sự gắn kết ngọt ngào giữa hai tâm hồn trong ngày trọng đại.
Hãy để CAMA Wedding Studio đồng hành cùng bạn gói gọn lại những thước phim thanh xuân và khoảnh khắc hạnh phúc nhất, để mỗi khi nhìn lại, yêu thương vẫn luôn đong đầy như ngày đầu.
💌 Nhắn tin ngay cho CAMA để lên lịch tư vấn concept chụp ảnh cưới dành riêng cho hai bạn nhé!
[CAMA HAUTE COUTURE] — Creative Director: NGUYEN VAN CAO
Hotline: 0983.144.444
Địa chỉ: 33 Hoàng Văn Thụ, P.15, Q. Phú Nhuận, TP.HCM
#CamaHauteCouture #CamaWedding #CamaBridal #VayCuoiThietKe #HauteCoutureBridal #HighFashionBridal #VayCuoi #LuxuryWedding #NguyenCaoHung #FounderCama #BespokeWedding #KinhNghiemCuoi #WeddingInspo",,,,04/08/2026,,,,,https://business.facebook.com/latest/insights/object_insights/?asset_id=1127430470752683&ir_qe_exposed=1&content_id=1059904933281235&nav_ref=bizweb_planner_weekly_view,,
11,04/08/2026,✨ CAMA SUIT | THE IVORY ELEGANCE ✨,Đã đăng,,,,,,"✨ CAMA SUIT | THE IVORY ELEGANCE ✨
Khẳng định phong thái lịch lãm và phóng khoáng với bộ suit trắng tinh tế từ CAMA Haute Couture.
Thiết kế hiện đại được may đo sắc sảo ôm trọn vóc dáng, kết hợp hoàn hảo cùng sơ mi trắng và phụ kiện kính mát cá tính, túi xách da đeo chéo ấn tượng. Quy trình fitting chuyên sâu tại CAMA đảm bảo sự chuẩn xác, tôn vinh trọn vẹn dấu ấn riêng của chú rể trong ngày trọng đại.
Ghé CAMA SUIT để tìm kiếm bộ suit hoàn hảo dành riêng cho bạn!
CAMA HAUTE COUTURE — Creative Director NGUYEN VAN CAO
Hotline: 0983.144.444
Địa chỉ: 33 Hoàng Văn Thụ, P.15, Q. Phú Nhuận, TP.HCM
(Liên hệ ngay để CAMA Haute Couture để được tư vấn chi tiết)   
 #CamaHauteCouture #CamaWedding #CamaBridal #VayCuoiThietKe #HauteCoutureBridal #HighFashionBridal #VayCuoi #LuxuryWedding #NguyenCaoHung #FounderCama #BespokeWedding #KinhNghiemCuoi #WeddingInspo ",,,,,04/08/2026,,,https://business.facebook.com/latest/insights/object_insights/?asset_id=1127430470752683&ir_qe_exposed=1&content_id=122309225750230503&nav_ref=bizweb_planner_weekly_view,,,,
12,04/08/2026,✨ BỘ 3 VÁY CƯỚI HAUTE COUTURE MỚI NHẤT THÁNG 8 TẠI CAMA ✨,Đã đăng,,,,,"✨ BỘ 3 VÁY CƯỚI HAUTE COUTURE MỚI NHẤT THÁNG 8 TẠI CAMA ✨
Tháng 8 này, không gian lãng mạn của mùa yêu đang gọi tên những tuyệt tác váy cưới lộng lẫy và kiêu sa bậc nhất từ CAMA Haute Couture.
Khoác lên mình bộ 3 thiết kế mới nhất, mỗi nàng dâu sẽ tỏa sáng như một nàng công chúa bước ra từ câu chuyện cổ tích với:
🌟 The Royal Crown
🌟Lumière de Lune
🌟Elysian Dream
💌 Hãy đến CAMA trực tiếp trải nghiệm và thử ngay bộ sưu tập độc quyền này nhé!
[CAMA HAUTE COUTURE] - Creative Director: NGUYEN VAN CAO
Hotline: 0983.144.444
Địa chỉ: 33 Hoàng Văn Thụ, P.15, Q. Phú Nhuận, TP.HCM
(Liên hệ ngay để CAMA Haute Couture để được tư vấn chi tiết)   
 #CamaHauteCouture #CamaWedding #VayCuoiCama #CamaBridal #VayCuoiThietKe #VayCuoiCaoCap #HauteCoutureBridal #HighFashionBridal #VayCuoi #LuxuryWedding #NguyenCaoHung #FounderCama #BespokeWedding #KinhNghiemCuoi #WeddingInspo",,,,,,04/08/2026,,https://business.facebook.com/latest/insights/object_insights/?asset_id=102443024987294&business_id=1493988772048335&ir_qe_exposed=1&content_id=1544882790984838&nav_ref=bizweb_planner_weekly_view,,,,,
13,5/8,BLOSSOM SATIN,Đã đăng,,,,,"CAMA HAUTE COUTURE | BLOSSOM SATIN
Kiêu sa và thanh lịch, thiết kế váy cưới đuôi cá ôm sát tôn trọn đường cong cơ thể trên nền chất liệu satin cao cấp. Điểm nhấn đắt giá nằm ở phần cúp ngực trái tim được cách điệu tinh xảo với họa tiết hoa nổi 3D uốn lượn mềm mại dọc theo thân áo, mang đến vẻ đẹp kiều diễm như một đóa hoa xuân đang nở rộ. Hoàn thiện tổng thể hoàn mỹ với tùng váy suôn dài thướt tha, giúp cô dâu tỏa sáng đầy sang trọng và cuốn hút trong ngày trọng đại.
Ghé CAMA Haute Couture để trải nghiệm thiết kế.
[CAMA HAUTE COUTURE] - Creative Director: NGUYEN VAN CAO
Hotline: 0983.144.444
Địa chỉ: 33 Hoàng Văn Thụ, P.15, Q. Phú Nhuận, TP.HCM
(Liên hệ ngay để CAMA Haute Couture để được tư vấn chi tiết)   
 #CamaHauteCouture #CamaWedding #VayCuoiCama #CamaBridal #VayCuoiThietKe #VayCuoiCaoCap #HauteCoutureBridal #HighFashionBridal #VayCuoi #LuxuryWedding #NguyenCaoHung #FounderCama #BespokeWedding #KinhNghiemCuoi #WeddingInspo",,,,,,05/08/2026,,https://business.facebook.com/latest/insights/object_insights/?asset_id=102443024987294&business_id=1493988772048335&ir_qe_exposed=1&content_id=1545757757564008&nav_ref=bizweb_planner_weekly_view,,,,,
14,05/08/2026,ẢNH CƯỚI CÀNG TỐI GIẢN — CÀNG CUỐN HÚT!,Đã đăng,,,,,,,,,"ẢNH CƯỚI CÀNG TỐI GIẢN — CÀNG CUỐN HÚT!
Bạn có biết vì sao những khung hình cưới tối giản phong cách Hàn Quốc luôn chạm đến cảm xúc người xem mà không cần dựng cảnh cầu kì?
Bí quyết nằm ở cách biến những nét cơ bản nhất thành tác phẩm chạm tới cảm xúc: bắt trọn khoảnh khắc tự nhiên, khai thác góc sáng tinh tế và nâng tầm tư duy nhiếp ảnh. Tất cả sẽ có trong Khóa học Nâng cao (2 ngày) sắp tới cùng thầy Ajian tại Hà Nội!
🗓 Thời gian: 24/08 - 25/08
📍 Địa điểm: Hà Nội
👉 Bạn đã sẵn sàng bứt phá phong cách và nâng cao giá trị tác phẩm của mình chưa? Nhắn ngay cho page để giữ chỗ nhé!
#CAMA #CAMAHauteCouture. #LuxuryWedding #KhoahocCama2026 #Makeupchuyennghiep",,05/08/2026,,,,https://business.facebook.com/latest/insights/object_insights/?asset_id=122099962358009522&ir_qe_exposed=1&content_id=122418955076002911&nav_ref=bizweb_planner_weekly_view,,,
15,05/08/2026,THE WOODEN VINTAGE,Đã đăng,,,,,,"CAMA SUIT | THE WOODEN VINTAGE
Tuyên ngôn mạnh mẽ cho chất riêng và phong cách thời thượng với thiết kế suit hai hàng khuy độc đáo từ CAMA Haute Couture.
Khoác lên mình sắc be vàng cùng họa tiết vân gỗ đầy nghệ thuật, bộ trang phục được trau chuốt tỉ mỉ qua từng đường cắt may để vừa vặn hoàn hảo với vóc dáng. Điểm nhấn phóng khoáng kết hợp cùng sơ mi thanh lịch và kính mắt cá tính giúp chú rể tỏa sáng đầy cuốn hút. Cùng dịch vụ fitting chuyên sâu tại CAMA, mỗi bộ suit đều được tinh chỉnh riêng biệt để tôn vinh trọn vẹn dấu ấn cá nhân của bạn.
Ghé CAMA SUIT để tìm kiếm bộ suit hoàn hảo dành riêng cho bạn!
CAMA HAUTE COUTURE — Creative Director NGUYEN VAN CAO
Hotline: 0983.144.444
Địa chỉ: 33 Hoàng Văn Thụ, P.15, Q. Phú Nhuận, TP.HCM
(Liên hệ ngay để CAMA Haute Couture để được tư vấn chi tiết)   
 #CamaHauteCouture #CamaWedding #CamaBridal #VayCuoiThietKe #HauteCoutureBridal #HighFashionBridal #VayCuoi #LuxuryWedding #NguyenCaoHung #FounderCama #BespokeWedding #KinhNghiemCuoi #WeddingInspo",,,,,05/08/2026,,,,https://business.facebook.com/latest/insights/object_insights/?asset_id=259566960567246&ir_qe_exposed=1&content_id=122309365364230503&nav_ref=bizweb_planner_weekly_view,,,
16,05/08/2026,SHANGHAI SUNSET,Đã đăng,,,,,,,"CAMA | SHANGHAI SUNSET
Khoảnh khắc ngọt ngào và rực rỡ được khắc họa giữa lòng Thượng Hải nên thơ, nơi nàng lộng lẫy trong thiết kế váy cưới cúp ngực tôn đường cong thanh tao, tay dắt tay sánh bước cùng chú rể lịch lãm trong bộ vest đen sang trọng. Ánh hoàng hôn ấm áp chiếu rọi qua từng con phố, hòa cùng nụ cười rạng rỡ và hạnh phúc tràn ngập trên gương mặt cả hai, tạo nên một thước phim thanh xuân đẹp đẽ và vượt thời gian.
Hãy để CAMA lưu giữ trọn vẹn những khoảnh khắc thời thượng và đẳng cấp nhất trong ngày trọng đại của hai bạn. Ghé CAMA để bắt đầu hành trình kể câu chuyện tình yêu của riêng bạn.
[CAMA HAUTE COUTURE] — Creative Director: NGUYEN VAN CAO
Hotline: 0983.144.444
Địa chỉ: 33 Hoàng Văn Thụ, P.15, Q. Phú Nhuận, TP.HCM
#CamaHauteCouture #CamaWedding #CamaBridal #VayCuoiThietKe #HauteCoutureBridal #HighFashionBridal #VayCuoi #LuxuryWedding #NguyenCaoHung #FounderCama #BespokeWedding #KinhNghiemCuoi #WeddingInspo",,,,05/08/2026,,,,https://business.facebook.com/latest/insights/object_insights/?asset_id=1127430470752683&ir_qe_exposed=1&content_id=1060752613196467&nav_ref=bizweb_planner_weekly_view,,,
17,06/08,SHANGHAI ROMANCE,Đã đăng,,,,,,,"CAMA | SHANGHAI ROMANCE
Khoác lên mình nét đẹp kiêu kỳ và đài cát giữa khung cảnh phố thị Thượng Hải hoa lệ, nàng lộng lẫy trong thiết kế đầm cưới đính hoa nổi tinh xảo, điểm xuyết đôi găng tay xuyên thấu và chiếc khăn voan bồng bềnh tung bay trong gió. Sánh đôi cùng nàng là chú rể lịch lãm trong bộ tuxedo đen nam tính, cùng nhau trao nhau khoảnh khắc tình tứ đầy xúc cảm. Tất cả tạo nên một thước phim đậm chất điện ảnh, lưu giữ trọn vẹn dấu ấn haute couture đầy nghệ thuật và khác biệt.
Hãy để CAMA lưu giữ trọn vẹn những khoảnh khắc thời thượng và đẳng cấp nhất trong ngày trọng đại của hai bạn. Ghé CAMA để bắt đầu hành trình kể câu chuyện tình yêu của riêng bạn.
[CAMA HAUTE COUTURE] — Creative Director: NGUYEN VAN CAO
Hotline: 0983.144.444
Địa chỉ: 33 Hoàng Văn Thụ, P.15, Q. Phú Nhuận, TP.HCM
#CamaHauteCouture #CamaWedding #CamaBridal #VayCuoiThietKe #HauteCoutureBridal #HighFashionBridal #VayCuoi #LuxuryWedding #NguyenCaoHung #FounderCama #BespokeWedding #KinhNghiemCuoi #WeddingInspo",,,,06/08/2026,,,,,https://business.facebook.com/latest/insights/object_insights/?asset_id=1127430470752683&ir_qe_exposed=1&content_id=1061538543117874&nav_ref=bizweb_planner_weekly_view,,
18,06/08/2026,THE ART OF BECOMING,Đã đăng,,,,,"CAMA HAUTE COUTURE | THE ART OF BECOMING
Vẻ đẹp cô dâu không bị giới hạn bởi một chuẩn mực nào.
Đó có thể là sự lộng lẫy của ball gown bồng bềnh, nét uyển chuyển của dáng váy ôm sát, hay khí chất tối giản đầy tinh tế. Mỗi thiết kế là một ngôn ngữ riêng, tôn lên phiên bản rạng rỡ và tự tin nhất của nàng.
Tại CAMA Haute Couture, mỗi chiếc váy là dấu ấn vĩnh cửu cho khoảnh khắc trọng đại.
✨ Đặt lịch thử váy để tìm thiết kế dành riêng cho bạn.
[CAMA HAUTE COUTURE] - Creative Director: NGUYEN VAN CAO
Hotline: 0983.144.444
Địa chỉ: 33 Hoàng Văn Thụ, P.15, Q. Phú Nhuận, TP.HCM
(Liên hệ ngay để CAMA Haute Couture để được tư vấn chi tiết)   
 #CamaHauteCouture #CamaWedding #VayCuoiCama #CamaBridal #VayCuoiThietKe #VayCuoiCaoCap #HauteCoutureBridal #HighFashionBridal #VayCuoi #LuxuryWedding #NguyenCaoHung #FounderCama #BespokeWedding #KinhNghiemCuoi #WeddingInspo",,,,,,06/08/2026,,https://business.facebook.com/latest/insights/object_insights/?asset_id=102443024987294&business_id=1493988772048335&ir_qe_exposed=1&content_id=1546602037479580&nav_ref=bizweb_planner_weekly_view,,,,,
19,06/08/2026,🔥 BÍ QUYẾT GIỮ CHÂN KHÁCH HÀNG CHO STUDIO ÁO CƯỚI,Đã đăng,,,,,,,,,"🔥 BÍ QUYẾT GIỮ CHÂN KHÁCH HÀNG CHO STUDIO ÁO CƯỚI
Nhiều studio chạy Marketing rất mạnh nhưng chỉ sau 1-2 năm là mất khách vì quá đông dẫn đến không kiểm soát được chất lượng và thiếu phương pháp đào tạo nhân sự.
💡 Giải pháp: Thay vì đổ tiền chạy quảng cáo, hãy đầu tư nâng cao tay nghề cho ekip (makeup, chụp ảnh) để kiểm soát chất lượng dịch vụ tốt nhất!
🗓️ KHÓA HỌC NĂNG CAO (2 NGÀY) TẠI HÀ NỘI
Thời gian: 24/08 – 25/08| Hà Nội
Nội dung: Cập nhật xu hướng makeup & chụp ảnh chuyên gia.
Học phí: Cực kỳ ưu đãi để các chủ studio đầu tư cho thợ.
🎯 Nâng tầm chất lượng ekip – Giữ chân khách hàng bền vững!
#CAMA #CAMAHauteCouture. #LuxuryWedding #KhoahocCama2026 #Makeupchuyennghiep",,06/08/2026,,,,https://business.facebook.com/latest/insights/object_insights/?asset_id=122099962358009522&ir_qe_exposed=1&content_id=122419151504002911&nav_ref=bizweb_planner_weekly_view,,,
20,06/08,THE COFFEE BROWN,Đã đăng,,,,,,"CAMA SUIT | THE COFFEE BROWN
Khẳng định phong thái lịch lãm và nam tính với bộ suit nâu trầm tinh tế từ CAMA Haute Couture.
Thiết kế hiện đại được may đo sắc sảo ôm trọn vóc dáng, kết hợp hoàn hảo cùng sơ mi đồng điệu, cà vạt sang trọng và phụ kiện kính mát cá tính. Quy trình fitting chuyên sâu tại CAMA đảm bảo sự chuẩn xác, tôn vinh trọn vẹn dấu ấn riêng của chú rể trong ngày trọng đại.
Ghé CAMA SUIT để tìm kiếm bộ suit hoàn hảo dành riêng cho bạn!
CAMA HAUTE COUTURE — Creative Director NGUYEN VAN CAO
Hotline: 0983.144.444
Địa chỉ: 33 Hoàng Văn Thụ, P.15, Q. Phú Nhuận, TP.HCM
(Liên hệ ngay để CAMA Haute Couture để được tư vấn chi tiết)   
 #CamaHauteCouture #CamaWedding #CamaBridal #VayCuoiThietKe #HauteCoutureBridal #HighFashionBridal #VayCuoi #LuxuryWedding #NguyenCaoHung #FounderCama #BespokeWedding #KinhNghiemCuoi #WeddingInspo",,,,,06/08/2026,,,https://business.facebook.com/latest/insights/object_insights/?asset_id=259566960567246&ir_qe_exposed=1&content_id=122309513276230503&nav_ref=bizweb_planner_weekly_view,,,,
21,,,Đã đăng,,,,,,,,,,,,,,,,,,
22,,,Đã đăng,,,,,,,,,,,,,,,,,,
24,,,,,,,,,,,,,,,,,,,,,
,,,,,,,,,,,,,,,,,,,,,
,,,,,,,,,,,,,,,,,,,,,
,,,,,,,,,,,,,,,,,,,,,
,,,,,,,,,,,,,,,,,,,,,
,,,,,,,,"CAMA HAUTE COUTURE | SOVEREIGN GRACE
Vẻ đẹp kiêu hãnh được thể hiện qua phom váy công chúa bề thế cùng những chi tiết chế tác tinh xảo. Thiết kế nổi bật với corset đính kết pha lê thủ công, phần vai trễ mềm mại và chân váy xòe rộng được thêu họa tiết cầu kỳ, tạo nên hiệu ứng lấp lánh đầy cuốn hút trong từng chuyển động. Khăn voan dài hoàn thiện tổng thể, mang đến hình ảnh lộng lẫy và sang trọng cho cô dâu trong ngày trọng đại.
🤍 Ghé CAMA Haute Couture để trực tiếp trải nghiệm và tìm thấy chiếc váy dành riêng cho bạn.                                                                                                       #CamaHauteCouture #CamaWedding #VayCuoiCama #CamaBridal #VayCuoiThietKe #VayCuoiCaoCap #HauteCoutureBridal #HighFashionBridal #VayCuoi #LuxuryWedding #NguyenCaoHung #FounderCama #BespokeWedding #KinhNghiemCuoi #WeddingInspo",,,,,,17/07/2026,,https://business.facebook.com/latest/insights/object_insights/?asset_id=102443024987294&business_id=1493988772048335&ir_qe_exposed=1&content_id=1528794795926971&nav_ref=bizweb_planner_weekly_view,,,,#REF!,
,,,,,,,,,,,,"LỘ TRÌNH CHUYÊN SÂU: 05 KỸ THUẬT BRIDAL MAKEUP CÙNG LILI 

Tại Lớp học Chuyên sâu Makeup & Wedding Photography do CAMA Haute Couture tổ chức, giảng viên LILI sẽ trực tiếp chia sẻ hệ thống kỹ thuật được đúc kết từ 16 năm kinh nghiệm trong lĩnh vực Makeup phục vụ ngành cưới và nhiếp ảnh.

✨ Thiết kế mi đa tầng (Multi-layer Lash Design)
 Tạo hiệu ứng đôi mắt có chiều sâu, tự nhiên và hài hòa với từng đường nét gương mặt.
✨ Phong cách Makeup Cô dâu Hàn Quốc
 Ứng dụng kỹ thuật nền trong trẻo, đường nét tinh tế và bảng màu thanh lịch, tôn lên vẻ đẹp tự nhiên của cô dâu.
✨ Phong cách Makeup Cô dâu Trung Quốc hiện đại
 Khai thác xu hướng Bridal đang được ưa chuộng với điểm nhấn vào thần thái, cấu trúc gương mặt và tổng thể sang trọng.
✨ Kỹ thuật nền Kim Cương (Diamond Skin Base)
 Xây dựng lớp nền mỏng nhẹ, bền đẹp và bắt sáng tinh tế, mang lại hiệu ứng làn da trong suốt, tự nhiên khi chụp ảnh.
✨ Kỹ thuật phối màu & chuyển sắc chuyên nghiệp
 Làm chủ cách kết hợp màu sắc giữa mắt, má và môi, tạo nên tổng thể hài hòa theo từng concept và phong cách cô dâu.

Đây không chỉ là những kỹ thuật giúp hoàn thiện một layout Makeup, mà còn là nền tảng để người làm nghề nâng cao tư duy thẩm mỹ và tạo nên những sản phẩm mang giá trị chuyên môn.

📍 Lớp học Chuyên sâu Makeup & Wedding Photography by CAMA
 📅 24 – 25.08.2026 | Hà Nội
ĐĂNG KÝ NGAY: 
https://cama-academy.fillout.com/t/5fiDZAa9c4us

#CAMA #CAMAHauteCouture #LuxuryWedding #KhoahocCama2026 #Makeupchuyennghiep 


",,,,,,https://business.facebook.com/latest/insights/object_insights/?asset_id=122099962358009522&ir_qe_exposed=1&content_id=122413817336002911&nav_ref=bizweb_planner_weekly_view,,#REF!,
,,,,,,,,,"ĐỒNG HÀNH CÙNG Á VƯƠNG 1 LÂM THOẠI ANH TẠI MISS EARTH

Tại sự kiện Miss Earth, Á vương 1 Lâm Thoại Anh đã để lại dấu ấn đầy ấn tượng với phong thái quý ông đầy cuốn hút. Trong bộ suit từ CAMA HAUTE COUTURE, anh khéo léo khẳng định gu thời trang tinh tế qua gam màu nâu trầm cổ điển kết hợp cùng phom dáng được cắt may sắc sảo. Sự chỉn chu từ phần ve áo bản lớn cho đến cách phối đồ đồng điệu đã tạo nên một diện mạo hiện đại, lịch lãm, hoàn hảo cho những khoảnh khắc tỏa sáng tại sự kiện.

#LamThoaiAnh  #CamaHauteCouture #suit #vest #veston #giaytay #suitsukien  #camasuit  #suitforlife #maydosuit #NguyenCaoHung #BespokeWedding #KinhNghiemCuoi #WeddingInspo",,,,,,,,,,,#REF!,
,,,,,,,,,"ĐỒNG HÀNH CÙNG Á VƯƠNG 2 BÙI QUỐC HUY TẠI SỰ KIỆN

Tại sự kiện, Á vương 2 Bùi Quốc Huy đã để lại dấu ấn đầy ấn tượng với phong thái quý ông đầy cuốn hút. Trong thiết kế độc bản từ CAMA HAUTE COUTURE, anh khéo léo khẳng định sự tinh tế qua gam màu kem trắng nhã kết hợp cùng phom dáng suit hai hàng khuy được cắt may sắc sảo. Sự chỉn chu trong từng chi tiết từ đường cắt may vừa vặn đến cách phối cà vạt họa tiết đồng điệu đã tạo nên một diện mạo hiện đại, lịch lãm, hoàn hảo cho những khoảnh khắc tỏa sáng tại sự kiện.                                                                                                                                            #CamaHauteCouture #suit #vest #veston #giaytay #suitsukien  #camasuit  #suitforlife #maydosuit #NguyenCaoHung #BespokeWedding #KinhNghiemCuoi #WeddingInspo                                                                         ",,,,,,,,,,,#REF!,
,,,,,,,,,"ĐỒNG HÀNH CÙNG TÂN NAM VƯƠNG NGUYỄN HÀN VIỆT

Tại sự kiện, Tân Nam vương Nguyễn Hàn Việt đã để lại dấu ấn đầy ấn tượng với phong thái quý ông cuốn hút. Trong thiết kế từ CAMA HAUTE COUTURE, anh khéo léo khẳng định sự tinh tế qua gam màu kem trang nhã kết hợp cùng phom dáng suit hai hàng khuy được cắt may sắc sảo. Sự chỉn chu trong từng chi tiết – từ đường cắt may vừa vặn đến cách phối cà vạt họa tiết đồng điệu – đã tạo nên một diện mạo hiện đại, lịch lãm, hoàn hảo cho những khoảnh khắc tỏa sáng tại sự kiện.

#CamaHauteCouture #suit #vest #veston #giaytay #suitsukien  #camasuit  #suitforlife #maydosuit #NguyenCaoHung #BespokeWedding #KinhNghiemCuoi #WeddingInspo    ",,,,,,,,,,,#REF!,
,,,,,,,,,"ĐỒNG HÀNH CÙNG Á VƯƠNG 4 NGUYỄN VĂN ĐỨC TÀI

Tại sự kiện, Á vương 4 Nguyễn Văn Đức Tài đã để lại dấu ấn đầy ấn tượng với phong thái quý ông cuốn hút. Trong thiết kế từ CAMA HAUTE COUTURE, anh khéo léo khẳng định sự tinh tế qua gam màu kem trang nhã kết hợp cùng phom dáng suit hai hàng khuy được cắt may sắc sảo. Sự chỉn chu trong từng chi tiết – từ đường cắt may vừa vặn đến cách phối cà vạt họa tiết đồng điệu – đã tạo nên một diện mạo hiện đại, lịch lãm, hoàn hảo cho những khoảnh khắc tỏa sáng tại sự kiện.                                             #CamaHauteCouture #suit #vest #veston #giaytay #suitsukien  #camasuit  #suitforlife #maydosuit #NguyenCaoHung #BespokeWedding #KinhNghiemCuoi #WeddingInspo    ",,,,,,,,,,,#REF!,
,,,,,,,,,,,,"Ánh sáng đẹp không đến từ việc có thật nhiều đèn. Mà đến từ việc biết cách kiểm soát ánh sáng.
Có những bức ảnh studio chỉ sử dụng ánh sáng từ cửa sổ, kết hợp 1 đèn hoặc 1 tấm hắt sáng, nhưng vẫn tạo nên chiều sâu, khối mặt và cảm xúc như một set-up nhiều thiết bị.
Tại Lớp học chuyên sâu Wedding Photography by CAMA, giảng viên AJIAN sẽ trực tiếp hướng dẫn:
📸 Cách tận dụng ánh sáng tự nhiên và ánh sáng nhân tạo.
📸 Kỹ thuật điều tiết ánh sáng bằng tấm hắt sáng để tạo chiều sâu cho khung hình.
📸 Bí quyết sử dụng phông nền giúp bức ảnh trở nên sang trọng, có chiều sâu và mang tính thương mại hơn.
Đây là những kỹ thuật thực chiến mà bạn có thể áp dụng ngay vào công việc sau khóa học.
📍 24–25.08.2026 | Hà Nội
#CAMA #CAMAHauteCouture #LuxuryWedding #KhoahocCama2026 #Makeupchuyennghiep ",,,,,,https://www.facebook.com/share/r/1HCGjoUB6r/,,#REF!,
,,,,,,,,,,,"CAMA – Đồng hành cùng dâu rể trong từng nhịp yêu
Bạn lo lắng về concept, trang phục hay cách tạo dáng? Tại CAMA, mọi nỗi lo của bạn đều được giải quyết trọn gói.
Chúng mình chuẩn bị sẵn từ A-Z: váy cưới thiết kế, vest lịch lãm, kịch bản chi tiết và lộ trình chụp chuyên nghiệp. Để đảm bảo sự tận tâm và riêng tư tuyệt đối, CAMA chỉ nhận duy nhất 01 cặp đôi mỗi ngày.
Việc của hai bạn chỉ là tận hưởng hạnh phúc và tỏa sáng, còn lại cứ để CAMA lo!
📩 Inbox ngay để cùng lên kế hoạch cho ngày đặc biệt của bạn nhé! 
#CamaHauteCouture #CamaWedding #CamaBridal #VayCuoiThietKe #HauteCoutureBridal #HighFashionBridal #VayCuoi #LuxuryWedding #NguyenCaoHung #FounderCama #BespokeWedding #KinhNghiemCuoi #WeddingInspo
",,,,,,,,,,
,,,,,,,,,,,"GIÂY PHÚT NÀNG TỎA SÁNG
""Bởi ngày cưới không chỉ là một sự kiện, mà là khoảnh khắc chạm đến giấc mơ."" ✨
Khoác lên mình thiết kế Haute Couture từ CAMA, nàng sẽ hiểu thế nào là sự tự tin tuyệt đối. Từng đường kim mũi chỉ, từng chi tiết đính kết đều được chăm chút để tôn lên nét đẹp riêng biệt, khiến mọi ánh nhìn phải ngẩn ngơ.
Nàng đã sẵn sàng để trở thành cô dâu đẹp nhất trong thiết kế của CAMA chưa? 🤍                                                                #CamaHauteCouture #CamaWedding #CamaBridal #VayCuoiThietKe #HauteCoutureBridal #HighFashionBridal #VayCuoi #LuxuryWedding #NguyenCaoHung #FounderCama #BespokeWedding #KinhNghiemCuoi #WeddingInspo
",,,,,,,,,#REF!,
,,,,,,,,,"👔 SUIT – ĐẲNG CẤP KHÔNG CŨ, PHONG CÁCH CẦN MỚI
Suit không bao giờ lỗi thời, nhưng cách mặc thì luôn cần sự tinh tế.
Cama Haute Couture tinh chỉnh từng chi tiết nhỏ để bộ suit của bạn trở nên thời thượng hơn: từ form dáng hiện đại, cấu trúc vai tự nhiên đến chất liệu nhẹ thoáng vượt trội. Chúng mình không chỉ may suit, chúng mình kiến tạo sự hoàn hảo giúp quý ông hiện đại tỏa sáng đúng chất, vừa sang trọng kinh điển, vừa phóng khoáng thời đại.                                                                                                                                                                      #CamaHauteCouture #CamaWedding #CamaBridal #VayCuoiThietKe #HauteCoutureBridal #HighFashionBridal #VayCuoi #LuxuryWedding #NguyenCaoHung #FounderCama #BespokeWedding #KinhNghiemCuoi #WeddingInspo
",,"👔 SUIT – ĐẲNG CẤP KHÔNG CŨ, PHONG CÁCH CẦN MỚI
Suit không bao giờ lỗi thời, nhưng cách mặc thì luôn cần sự tinh tế.
Cama Haute Couture tinh chỉnh từng chi tiết nhỏ để bộ suit của bạn trở nên thời thượng hơn: từ form dáng hiện đại, cấu trúc vai tự nhiên đến chất liệu nhẹ thoáng vượt trội. Chúng mình không chỉ may suit, chúng mình kiến tạo sự hoàn hảo giúp quý ông hiện đại tỏa sáng đúng chất, vừa sang trọng kinh điển, vừa phóng khoáng thời đại.                                                                                                                                                                      #CamaHauteCouture #CamaWedding #CamaBridal #VayCuoiThietKe #HauteCoutureBridal #HighFashionBridal #VayCuoi #LuxuryWedding #NguyenCaoHung #FounderCama #BespokeWedding #KinhNghiemCuoi #WeddingInspo
",,,17/07/2026,,,https://business.facebook.com/latest/insights/object_insights/?asset_id=259566960567246&ir_qe_exposed=1&content_id=122306575844230503&nav_ref=bizweb_planner_weekly_view,,,#REF!,
,,,,,,,,,,"🖤 VÌ SAO BẠN NÊN CHỌN CONCEPT NỀN ĐEN CHO NGÀY CƯỚI? 🖤
Bỏ qua phông nền đen là bạn đã bỏ lỡ cơ hội sở hữu bộ ảnh cưới sang-xịn-mịn nhất rồi đấy!
Không hề đơn điệu, concept nền đen chính là ""chìa khóa"" để làm nổi bật trọn vẹn thần thái và cảm xúc chân thật nhất của hai bạn. Không gian tối giản giúp loại bỏ mọi sự xao nhãng, tập trung hoàn toàn vào câu chuyện tình yêu của riêng bạn. Đậm chất nghệ thuật và cực kỳ cuốn hút!
🔥 Sẵn sàng cùng CAMA tạo nên sự khác biệt? Comment ""Tôi muốn"" để tụi mình gửi mẫu tham khảo nhé! 👇                                                                                                                                   #CamaHauteCouture #CamaWedding #CamaBridal #VayCuoiThietKe #HauteCoutureBridal #HighFashionBridal #VayCuoi #LuxuryWedding #NguyenCaoHung #FounderCama #BespokeWedding #KinhNghiemCuoi #WeddingInspo
","🖤 VÌ SAO BẠN NÊN CHỌN CONCEPT NỀN ĐEN CHO NGÀY CƯỚI? 🖤
Bỏ qua phông nền đen là bạn đã bỏ lỡ cơ hội sở hữu bộ ảnh cưới sang-xịn-mịn nhất rồi đấy!
Không hề đơn điệu, concept nền đen chính là ""chìa khóa"" để làm nổi bật trọn vẹn thần thái và cảm xúc chân thật nhất của hai bạn. Không gian tối giản giúp loại bỏ mọi sự xao nhãng, tập trung hoàn toàn vào câu chuyện tình yêu của riêng bạn. Đậm chất nghệ thuật và cực kỳ cuốn hút!
🔥 Sẵn sàng cùng CAMA tạo nên sự khác biệt? Comment ""Tôi muốn"" để tụi mình gửi mẫu tham khảo nhé! 👇                                                                                                                                            #CamaHauteCouture #CamaWedding #CamaBridal #VayCuoiThietKe #HauteCoutureBridal #HighFashionBridal #VayCuoi #LuxuryWedding #NguyenCaoHung #FounderCama #BespokeWedding #KinhNghiemCuoi #WeddingInspo
",,,17/07/2026,,,,,https://business.facebook.com/latest/insights/object_insights/?asset_id=1127430470752683&ir_qe_exposed=1&content_id=1044927841445611&nav_ref=bizweb_planner_weekly_view,#REF!,
,,,,,,,,,,,"👔 ĐỘC BẢN VÓC DÁNG – TỰ TIN KHẲNG ĐỊNH PHONG THÁI
Đừng để vóc dáng trở thành rào cản trên hành trình xây dựng hình ảnh của bạn. Tại CAMA, sự vừa vặn không chỉ là tiêu chuẩn, đó là lời hứa.
Mỗi bộ suit tại CAMA là sự kết tinh của kỹ thuật may đo tinh xảo, nơi mọi số đo được tính toán tỉ mỉ để tôn lên vóc dáng riêng biệt của từng quý ông. Không khuyết điểm, chỉ có sự lịch lãm tuyệt đối. Hãy để CAMA giúp bạn làm chủ phong thái quý ông ngay hôm nay!                                                    #CamaHauteCouture #CamaWedding #CamaBridal #VayCuoiThietKe #HauteCoutureBridal #HighFashionBridal #VayCuoi #LuxuryWedding #NguyenCaoHung #FounderCama #BespokeWedding #KinhNghiemCuoi #WeddingInspo",,,,,,,,,#REF!,
,,,,,,,,,,,,"""Muốn có ảnh đẹp thì phải đầu tư một phim trường thật lớn?"" 🤔
Đó là suy nghĩ của rất nhiều người khi bắt đầu làm nghề.
Nhưng với anh Cao Hùng, sau quá trình học tập cùng thầy AJIAN, câu trả lời lại là không.
Một bức ảnh đẹp không nằm ở việc bạn có bao nhiêu bối cảnh, mà nằm ở cách kiểm soát ánh sáng, lựa chọn góc máy và tận dụng phông nền để tạo nên những khung hình đầy cảm xúc. 📸✨
💡 Đó cũng là một trong những bài học chuyên sâu mà thầy AJIAN sẽ trực tiếp chia sẻ tại Lớp học Chuyên sâu Wedding Photography của CAMA.
Đôi khi, thay đổi tư duy còn giá trị hơn cả việc đầu tư thêm chi phí. 🚀
📍 Lớp học Chuyên sâu Wedding Pro Photography by CAMA Academy
🗓️ 24 - 25.08.2026 | Hà Nội
#CAMA #WeddingProPhotography #AJIAN #WeddingPhotography #KhoahocChuyenSau #WeddingPhotographer #CAMA2026

",,13/07/2026,,,,,,#REF!,
,,,,,,,,,,,,"✨ Đẹp không nằm ở phim trường lớn, mà nằm ở cách bạn nhìn ánh sáng. 📸
 Chỉ với một phông nền phù hợp, kết hợp cùng kỹ thuật điều tiết ánh sáng đúng cách, bạn hoàn toàn có thể tạo nên những bộ ảnh cưới đầy cảm xúc mà không cần đầu tư quá nhiều vào bối cảnh.
💡 Tận dụng không gian.
💡 Kiểm soát ánh sáng.
💡 Nâng tầm giá trị của từng khung hình.
🎓 Đó cũng là một trong những nội dung trọng tâm mà thầy AJIAN sẽ trực tiếp chia sẻ tại Lớp học Chuyên sâu Wedding Photography của CAMA.
🚀 Đầu tư vào thiết bị có thể giúp bạn bắt đầu.
✨ Đầu tư vào tư duy mới là điều giúp bạn đi xa hơn trên hành trình làm nghề.
📍 24 - 25.08.2026 | Hà Nội
ĐĂNG KÝ NGAY: https://cama-academy.fillout.com/t/5fiDZAa9c4us
#CAMA #CAMAHauteCouture #LuxuryWedding #KhoahocCama2026 #Makeupchuyennghiep 


",,14/07/2026,,,,,,#REF!,
,,,,,,,,"ĐIỀU GÌ TẠO NÊN MỘT CHIẾC VÁY ĐUÔI CÁ ĐẸP?

Một thiết kế đuôi cá hoàn hảo là sự kết hợp của corset chuẩn phom ôm trọn đường cong thoải mái, điểm xòe gối tinh tế cho nhịp bước bồng bềnh, và dáng cổ cao tay dài tạo tổng thể thanh lịch tuyệt đối.
Mỗi chiếc váy tại CAMA đều được chăm chút tỉ mỉ để nàng tự tin tỏa sáng với thiết kế sinh ra là để dành riêng cho chính mình.
🤍 Ghé CAMA Haute Couture để trải nghiệm và tìm thấy chiếc váy định mệnh của riêng bạn nhé.                                                                                                                          #CamaHauteCouture #CamaWedding #VayCuoiCama #CamaBridal #VayCuoiThietKe #VayCuoiCaoCap #HauteCoutureBridal #HighFashionBridal #VayCuoi #LuxuryWedding #NguyenCaoHung #FounderCama #BespokeWedding #KinhNghiemCuoi #WeddingInspo",,,,,,20/07/2026,,,,,,#REF!,
,,,,,,,"5 Chi Tiết Tạo Nên Một Chiếc Váy Đuôi Cá Hoàn Mỹ
Bí mật đằng sau một chiếc váy đuôi cá hoàn mỹ chính là sự kết hợp của corset, đường eo, chất liệu, đường cắt và đuôi váy. Thiết kế ôm sát từ ngực đến hông giúp tôn trọn vòng eo quyến rũ, kết hợp đường hạ eo tỉ mỉ tạo tỷ lệ cơ thể chuẩn chỉnh. Phom váy uyển chuyển nhờ sự hòa quyện giữa lụa, satin ôm dáng và tùng ren, tuyn bồng bềnh. Đặc biệt, phần đuôi váy quét đất lộng lẫy cùng đường xẻ tà tinh tế vừa hack chân dài miên man, vừa giúp nàng di chuyển thanh thoát, tự tin chiếm trọn mọi ánh nhìn!                                                                                                                                                      🤍 Ghé CAMA để tìm ra chiếc váy đuôi cá cô dâu mình tìm kiếm nhé!.                                                                                                                                                                                                        #CamaHauteCouture #CamaWedding #VayCuoiCama #CamaBridal #VayCuoiThietKe #VayCuoiCaoCap #HauteCoutureBridal #HighFashionBridal #LuxuryWedding #WeddingInspiration","5 Chi Tiết Tạo Nên Một Chiếc Váy Đuôi Cá Hoàn Mỹ
Một chiếc váy đuôi cá hoàn mỹ là sự kết hợp hài hòa của 5 yếu tố: corset, đường eo, chất liệu, đường cắt và đuôi váy. Thiết kế tôn trọn đường cong nhờ corset ôm sát từ ngực xuống hông, kết hợp đường cắt hạ eo tỉ mỉ tạo tỷ lệ cân đối. Sự hòa quyện giữa chất liệu ôm form thân trên (lụa, satin) và độ bồng bềnh của tùng váy (tuyn, ren) tạo nét uyển chuyển. Cuối cùng, phần đuôi quét đất lộng lẫy cùng đường xẻ tà tinh tế giúp kéo dài đôi chân, mang lại bước đi thanh thoát để cô dâu tự tin tỏa sáng trong ngày trọng đại.                                                                                                                                                                                                         🤍 Ghé CAMA để tìm ra chiếc váy đuôi cá cô dâu mình tìm kiếm nhé!.                                                                                                                             #CamaHauteCouture #CamaWedding #VayCuoiCama #CamaBridal #VayCuoiThietKe #VayCuoiCaoCap #HauteCoutureBridal #HighFashionBridal #VayCuoi #LuxuryWedding #NguyenCaoHung #FounderCama #BespokeWedding #KinhNghiemCuoi #WeddingInspo",,,,,,,,,,,,#REF!,
,,,,,,,,"BỘ SƯU TẬP VÁY ĐUÔI CÁ | NƠI ĐƯỜNG NÉT TÔN VINH THẦN THÁI
Mỗi thiết kế là sự kết hợp giữa đường cắt tinh tế, cấu trúc chuẩn mực và vẻ đẹp vượt thời gian. Bộ sưu tập váy đuôi cá tại CAMA được tạo nên để tôn vinh những đường cong thanh lịch, giúp cô dâu tỏa sáng với thần thái tự tin trong từng khoảnh khắc.
✨ Khám phá bộ sưu tập và tìm thấy thiết kế dành riêng cho bạn.                                                                                                                                                                              🤍 Ghé CAMA Haute Couture để trực tiếp trải nghiệm và tìm thấy chiếc váy dành riêng cho bạn.                                                                                                                             #CamaHauteCouture #CamaWedding #VayCuoiCama #CamaBridal #VayCuoiThietKe #VayCuoiCaoCap #HauteCoutureBridal #HighFashionBridal #VayCuoi #LuxuryWedding #NguyenCaoHung #FounderCama #BespokeWedding #KinhNghiemCuoi #WeddingInspo",,,,,,,,,,,,#REF!,
,,,,,,https://docs.google.com/document/d/12sON1sF2oQdjZRlYFfcp2wWVas8kaxCQVZUUei6IovA/edit?usp=sharing,"ĐỪNG TỰ LOẠI MÌNH KHỎI VÁY ĐUÔI CÁ CHỈ VÌ ĐIỀU NÀY !🧜‍♀️                                                                                                                                                                     Đừng vội lướt qua dáng váy quyến rũ này chỉ vì sợ lộ eo bánh mì hay chiều cao khiêm tốn nàng ơi! Sự thật là váy đuôi cá cao cấp sinh ra để tạo ra đường cong, chứ không bắt bạn phải có sẵn nó. Với phom corset siết eo định hình đỉnh cao và điểm xòe thông minh, chiếc váy sẽ giúp nàng ""ăn gian"" tỷ lệ cơ thể và tạo hiệu ứng đồng hồ cát cực chuẩn. Thay vì tự ti, xem hết clip này để thấy phép màu từ CAMA nhé! ✨                                                                                                                                                                      #CamaHauteCouture #CamaWedding #VayCuoiCama #CamaBridal #VayCuoiThietKe #VayCuoiCaoCap #HauteCoutureBridal #HighFashionBridal #VayCuoi #LuxuryWedding #NguyenCaoHung #FounderCama #BespokeWedding #KinhNghiemCuoi #WeddingInspo   ","ĐỪNG TỰ LOẠI MÌNH KHỎI VÁY ĐUÔI CÁ CHỈ VÌ ĐIỀU NÀY !🧜‍♀️
Rất nhiều nàng dâu đã vội vàng lướt qua dáng váy đuôi cá quyến rũ chỉ vì tự ti ngoại hình chưa hoàn hảo, sợ lộ khuyết điểm vòng hai hay chiều cao khiêm tốn. Thế nhưng, một thiết kế đuôi cá cao cấp sinh ra là để tạo ra đường cong, chứ không bắt bạn phải có sẵn nó. Với kỹ thuật phom corset siết eo định hình khéo léo kết hợp cùng điểm xòe được tính toán tỉ mỉ ngay dưới vòng ba, chiếc váy sẽ giúp nàng ""ăn gian"" tỷ lệ cơ thể cực đỉnh và tạo hiệu ứng đồng hồ cát đầy uyển chuyển.                                                                                                             Thanh xuân chỉ có một lần, thay vì tự giới hạn bản thân trước những định kiến, nàng cứ việc tỏa sáng lộng lẫy, còn khuyết điểm cứ để CAMA lo ghé tụi mình thử váy ngay tuần này nhé! ✨                                                                                                                      #CamaHauteCouture #CamaWedding #VayCuoiCama #CamaBridal #VayCuoiThietKe #VayCuoiCaoCap #HauteCoutureBridal #HighFashionBridal #VayCuoi #LuxuryWedding #NguyenCaoHung #FounderCama #BespokeWedding #KinhNghiemCuoi #WeddingInspo",,,,,,,,,,,,#REF!,
,,,,,,,,,,,,,,,,,,,,#REF!,
,,,,,,,,,"""Chỉ mặc vài tiếng, có đáng đầu tư?""

Đáng tiếc không phải là bộ suit chỉ mặc một ngày. Mà là bạn phải mặc một bộ đồ không thuộc về mình trong ngày trọng đại nhất.
Khoảnh khắc bạn đứng ở đầu lễ đường, khẽ chỉnh cổ áo suit và chờ người mình yêu bước đến – giây phút ấy sẽ theo bạn suốt đời.
Vì thế, suit không chỉ cần đẹp. Nó cần đúng.
Tại CAMA, chúng tôi không tìm bộ suit đẹp nhất, chúng tôi tìm bộ suit phù hợp nhất với vóc dáng và câu chuyện của riêng bạn.
Ghé CAMA trải nghiệm một buổi Private Fitting ngay hôm nay. 🤵                                                                                                        #suit #vest #veston #giaytay #suitsukien #camahautecouture #camasuit  #suitforlife #maydosuit #NguyenCaoHung #FounderCama #BespokeWedding #KinhNghiemCuoi #WeddingInspo
",,,,,,,,,,,#REF!,
,,,,,,,,,"Final fitting — Buổi thử suit cuối cùng trước khi chính thức thành ""chồng người ta"".
Chỉ cần hội anh em có mặt, vài câu trêu đùa, vài lần chỉnh lại ve áo là đã đủ tạo nên một kỷ niệm đáng nhớ trước ngày cưới.
Hôm nay vẫn là cậu bạn thân quen, nhưng chỉ ít ngày nữa thôi sẽ chính thức bước vào một hành trình mới.
Chúc mừng người anh em! Chúc bộ suit hôm nay sẽ đồng hành cùng một khởi đầu thật hạnh phúc và trọn vẹn. 🤍            #CamaHauteCouture #CamaWedding #CamaBridal #VayCuoiThietKe #HauteCoutureBridal #HighFashionBridal #VayCuoi #LuxuryWedding #NguyenCaoHung #FounderCama #BespokeWedding #KinhNghiemCuoi #WeddingInspo",,,,,,,,,,,#REF!,
,,,,,,,,,,,,"Một Wedding Photographer giỏi không bắt đầu từ chiếc máy ảnh, mà bắt đầu từ tư duy.

Kỹ thuật có thể học trong thời gian ngắn, nhưng cách quan sát, cảm nhận và xây dựng giá trị cho từng bộ ảnh mới là yếu tố tạo nên sự khác biệt giữa một người chụp ảnh và một Wedding Photographer chuyên nghiệp.

Tại khóa học của AJIAN, học viên sẽ không chỉ học cách tạo ra những bức ảnh đẹp, mà còn được xây dựng nền tảng tư duy để:
✨ Kể chuyện bằng hình ảnh.
✨ Làm chủ ánh sáng trong mọi bối cảnh.
✨ Điều hướng cảm xúc và tạo dáng tự nhiên.
✨ Xây dựng giá trị thương mại cho từng bộ ảnh.
Bởi một bức ảnh đẹp có thể khiến khách hàng hài lòng, nhưng một tư duy đúng sẽ giúp bạn phát triển bền vững với nghề Wedding Photography.
📍 24 - 25.08.2026 | Hà Nội

#CAMA #CAMAHauteCouture. #LuxuryWedding #KhoahocCama2026 #Makeupchuyennghiep 



",,,,,,,,#REF!,
,,,,,,,,"Chạm vào hào quang của chính mình cùng Radiant Elegance. ✨
Một thiết kế mang phom dáng xòe lộng lẫy, kết hợp hoàn hảo cùng kỹ thuật đính pha lê tỉ mỉ và đôi găng tay ren đồng điệu. Không chỉ là một chiếc váy cưới, đây là tuyên ngôn về sự kiêu kỳ và đẳng cấp dành riêng cho ngày trọng đại của nàng.
Ghé CAMA Haute Couture để dệt nên giấc mơ của riêng mình, nàng nhé! 🕊️
[CAMA HAUTE COUTURE] - Creative Director: NGUYEN VAN CAO
Hotline: 0983.144.444
Địa chỉ: 33 Hoàng Văn Thụ, P.15, Q. Phú Nhuận, TP.HCM
(Liên hệ ngay để CAMA Haute Couture để được tư vấn chi tiết)
#CamaHauteCouture #CamaWedding #VayCuoiCama #CamaBridal #VayCuoiThietKe #VayCuoiCaoCap #HauteCoutureBridal #HighFashionBridal #VayCuoi #LuxuryWedding #NguyenCaoHung #FounderCama #BespokeWedding #KinhNghiemCuoi #WeddingInspo",,,,,,18/07/2026,,,,,,#REF!,
,,,,,,,,"CAMA HAUTE COUTURE | SOVEREIGN GRACE
Như bước ra từ câu chuyện cổ tích hoa lệ, ""Sovereign Grace"" mang đến vẻ đẹp lộng lẫy lay động tâm can. Thiết kế say đắm lòng người nhờ phom váy bồng bềnh tựa mây, kết hợp cùng corset đính pha lê thủ công tinh xảo vô ngần. Từng nhịp bước của nàng thêm phần huyền diệu khi ánh sáng phản chiếu từ những đường thêu cầu kỳ trên chân váy và chiếc khăn voan dài thướt tha. Một tổng thể hoàn mỹ, kiêu sa dành riêng cho khoảnh khắc tỏa sáng duy nhất của cuộc đời.
💌 Chiếc váy trong mơ đang chờ bạn tại CAMA Haute Couture. Hẹn gặp bạn tại không gian thử váy của chúng tôi! 
[CAMA HAUTE COUTURE] - Creative Director: NGUYEN VAN CAO
Hotline: 0983.144.444
Địa chỉ: 33 Hoàng Văn Thụ, P.15, Q. Phú Nhuận, TP.HCM
(Liên hệ ngay để CAMA Haute Couture để được tư vấn chi tiết)    
 #CamaHauteCouture #CamaWedding #VayCuoiCama #CamaBridal #VayCuoiThietKe #VayCuoiCaoCap #HauteCoutureBridal #HighFashionBridal #VayCuoi #LuxuryWedding #NguyenCaoHung #FounderCama #BespokeWedding #KinhNghiemCuoi #WeddingInspo",,,,,,19/07/2026,,,,,,#REF!,
,,,,,,,,,"CAMA | THE ESSENCE
Sự tinh tế trong từng đường cắt may được khẳng định qua bộ suit hai hàng cúc hiện đại với họa tiết sọc mảnh thời thượng. Mang sắc màu tươi sáng và phóng khoáng, thiết kế trở nên hoàn hảo khi kết hợp cùng áo sơ mi vàng nhạt, cà vạt họa tiết và túi xách da cao cấp. Mỗi đường kim mũi chỉ đều được ""đo ni đóng giày"" riêng biệt, tôn vinh trọn vẹn thần thái bản lĩnh và tư duy thời trang của quý ông hiện đại.
CAMA HAUTE COUTURE — Creative Director NGUYEN VAN CAO
Hotline: 0983.144.444
Địa chỉ: 33 Hoàng Văn Thụ, P.15, Q. Phú Nhuận, TP.HCM
(Liên hệ ngay để CAMA Haute Couture để được tư vấn chi tiết)   
 #CamaHauteCouture #CamaWedding #CamaBridal #VayCuoiThietKe #HauteCoutureBridal #HighFashionBridal #VayCuoi #LuxuryWedding #NguyenCaoHung #FounderCama #BespokeWedding #KinhNghiemCuoi #WeddingInspo ",,,,,19/07/2026,,,,,,#REF!,
,,,,,,,,,,"𝐂𝐀𝐌𝐀 | CHUYỆN TÌNH NGÀY NẮNG NHẸ
Giữa không gian studio tối giản, câu chuyện của họ bắt đầu từ những điều tự nhiên nhất. Không cần bối cảnh cầu kỳ, mọi ánh nhìn đều bị thu hút bởi nụ cười rạng rỡ của nàng trong chiếc váy cưới cúp ngực trễ vai, nhẹ nhàng và kiêu sa như một đóa hoa vừa nở. Tay nàng ôm bó hoa cưới tinh khôi, khẽ khàng khoác lấy tay chàng người đàn ông bảnh bao, mang chút nét tri thức đầy cuốn hút trong bộ suit xám hiện đại cùng chiếc kính gọng đen cá tính.
Chẳng cần diễn xuất, chỉ một ánh nhìn chạm nhau, một cái tựa đầu bảng lảng cũng đủ kể lại hành trình yêu đầy ngọt ngào của họ. Bức ảnh không chỉ lưu giữ trang phục, mà là lưu giữ một khoảnh khắc thanh xuân dịu dàng, nơi sự giản đơn được định nghĩa thành hạnh phúc trăm năm.
[CAMA HAUTE COUTURE] — Creative Director: NGUYEN VAN CAO
Hotline: 0983.144.444
Địa chỉ: 33 Hoàng Văn Thụ, P.15, Q. Phú Nhuận, TP.HCM
#CamaHauteCouture #CamaWedding #CamaBridal #VayCuoiThietKe #HauteCoutureBridal #HighFashionBridal #VayCuoi #LuxuryWedding #NguyenCaoHung #FounderCama #BespokeWedding #KinhNghiemCuoi #WeddingInspo",,,,18/07/2026,,,,,https://business.facebook.com/latest/insights/object_insights/?asset_id=1127430470752683&ir_qe_exposed=1&content_id=1045736771364718&nav_ref=bizweb_planner_weekly_view,#REF!,
,,,,,,,,,,"Tư duy mới, trải nghiệm thực chiến mới.
Học viện A JIAN mang đến cho CAMA góc nhìn sâu sắc hơn về nghệ thuật ánh sáng và cách xây dựng layout. Không chỉ là chụp ảnh cưới, đó là tư duy làm lookbook thời trang cao cấp.
Tất cả những kỹ thuật này đang được đúc kết để mang về Việt Nam — nơi CAMA sẽ cùng bạn kể lại câu chuyện tình yêu bằng những bộ ảnh cưới cá tính, khác biệt và duy nhất.
✨ Bạn đã sẵn sàng cho một diện mạo ảnh cưới hoàn toàn mới chưa?
📍 Follow CAMA để cập nhật hành trình này nhé!
[CAMA HAUTE COUTURE] — Creative Director: NGUYEN VAN CAO
Hotline: 0983.144.444
Địa chỉ: 33 Hoàng Văn Thụ, P.15, Q. Phú Nhuận, TP.HCM
#CamaHauteCouture #CamaWedding #CamaBridal #VayCuoiThietKe #HauteCoutureBridal #HighFashionBridal #VayCuoi #LuxuryWedding #NguyenCaoHung #FounderCama #BespokeWedding #KinhNghiemCuoi #WeddingInspo",,,,19/07/2026,,,,,https://business.facebook.com/latest/insights/object_insights/?asset_id=1127430470752683&ir_qe_exposed=1&content_id=1046514431286952&nav_ref=bizweb_planner_weekly_view,#REF!,
,,,,,,,,,,,,"Một bộ ảnh sang không bắt đầu từ phim trường lớn. Mà bắt đầu từ tư duy của người cầm máy. 📸
Màu đỏ là một trong những gam màu khó xử lý nhất. Chỉ cần kiểm soát ánh sáng chưa tốt, bức ảnh rất dễ bị gắt, bệt màu hoặc mất chiều sâu.
Nhưng với thầy AJIAN, chỉ bằng phông nền phù hợp, ánh sáng được điều tiết chính xác và tư duy nhiếp ảnh, mọi khung hình đều trở nên đẳng cấp mà không cần đầu tư một phim trường quá lớn. ✨
💡 Đây cũng là những kiến thức sẽ được thầy chia sẻ chi tiết trong Lớp học Chuyên sâu Wedding Photography của CAMA.
📍 24 - 25.08.2026 | Hà Nội
#CAMA #CAMAHauteCouture. #LuxuryWedding #KhoahocCama2026 #Makeupchuyennghiep",,,,,,https://business.facebook.com/latest/insights/object_insights/?asset_id=122099962358009522&ir_qe_exposed=1&content_id=122415941048002911&nav_ref=bizweb_planner_weekly_view,,#REF!,
,,,,,,,,,"CAMA | THE REFINED GENTLEMAN
Sự sang trọng vượt thời gian được khẳng định qua bộ suit ba mảnh đẳng cấp, nổi bật với ve áo satin đen bóng tương phản trên nền vải xanh navy tinh tế. Mang sắc màu trầm ấm và quyền lực, thiết kế trở nên hoàn hảo khi kết hợp cùng áo sơ mi đen bí ẩn, cà vạt họa tiết và đôi giày da Chelsea thời thượng. Từng đường kim mũi chỉ đều được chăm chút tỉ mỉ, tôn vinh trọn vẹn thần thái bản lĩnh và gu thẩm mỹ đỉnh cao của quý ông hiện đại.
CAMA HAUTE COUTURE — Creative Director NGUYEN VAN CAO
Hotline: 0983.144.444
Địa chỉ: 33 Hoàng Văn Thụ, P.15, Q. Phú Nhuận, TP.HCM
(Liên hệ ngay để CAMA Haute Couture để được tư vấn chi tiết)   
 #CamaHauteCouture #CamaWedding #CamaBridal #VayCuoiThietKe #HauteCoutureBridal #HighFashionBridal #VayCuoi #LuxuryWedding #NguyenCaoHung #FounderCama #BespokeWedding #KinhNghiemCuoi #WeddingInspo",,,,,,,,,,,#REF!,
,,,,,,,,,,"GIA NHẬP CAMA HAUTE COUTURE – CÙNG CHÚNG TÔI TẠO NÊN NHỮNG KHOẢNH KHẮC HOÀN HẢO! 🌟

Bạn đang tìm kiếm một môi trường làm việc trẻ trung, sáng tạo và phát triển bản thân trong ngành thời trang cưới cao cấp? CAMA Haute Couture chính thức chiêu mộ đồng đội mới! 🚀

📌 TUYỂN DỤNG: KẾ TOÁN STUDIO / CỬA HÀNG ÁO CƯỚI

•        Mức lương: 10 - 15 triệu/tháng (thỏa thuận theo năng lực)
•        Thời gian: 8h00 - 18h00 (Thứ 2 - Thứ 7, nghỉ Chủ Nhật)
•        Địa điểm: 33 Hoàng Văn Thụ, P.15, Q. Phú Nhuận, TP.HCM

📋 MÔ TẢ CÔNG VIỆC

•        Kế toán Thuế: Kê khai, lập báo cáo thuế định kỳ (tháng/quý/năm); quản lý hóa đơn đầu vào/đầu ra và làm việc với cơ quan thuế khi cần.
•        Thu – Chi & Hợp đồng: Theo dõi dòng tiền, tiến độ thanh toán cọc/dịch vụ cưới và thu - chi hàng ngày.
•        Quản lý Kho & Tài sản: Theo dõi trang phục (váy, vest, phụ kiện), kiểm kê định kỳ và kiểm soát chi phí giặt ủi, bảo dưỡng.
•        Tính Lương & Hoa hồng: Chấm công, tính lương và chiết khấu cho đội ngũ sale, makeup, thợ chụp, thợ may.
•        Báo cáo: Lập báo cáo doanh thu - chi phí - lợi nhuận hàng tháng cho Chủ studio.

🎯 YÊU CẦU CÔNG VIỆC

•        Kinh nghiệm: 1 – 2 năm làm kế toán (Ưu tiên từng làm ngành dịch vụ, studio, thời trang).
•        Trình độ: Tốt nghiệp CĐ/ĐH chuyên ngành Kế toán, Tài chính.
•        Kỹ năng: Nắm vững Luật Thuế; thành thạo Excel và phần mềm kế toán (MISA, KiotViet...).
•        Tố chất: Cẩn thận, trung thực, có trách nhiệm cao.

🎁 QUYỀN LỢI

•        Mức lương cạnh tranh, tương xứng năng lực.
•        Môi trường làm việc trẻ trung, quy trình gọn nhẹ, làm việc trực tiếp với Chủ studio.

📌 TUYỂN DỤNG: NHÂN VIÊN KHO TRANG PHỤC (ÁO CƯỚI & VEST)

•        Mức lương: 9 - 12 triệu/tháng (Lương cứng + Phụ cấp cấp) 
•        Thời gian: 8h00 - 21h00 (Có thời gian nghỉ trưa và nghỉ giữa ca)
•        Địa điểm: 33 Hoàng Văn Thụ, P.15, Q. Phú Nhuận, TP.HCM

📋 MÔ TẢ CÔNG VIỆC

•        Nhập liệu & Hệ thống: Sử dụng máy tính (Excel/phần mềm) cập nhật chính xác xuất - nhập - tồn, lịch đi chụp/cho thuê/giặt hấp của trang phục.
•        Kiểm kê & Soạn đơn: Soạn đúng mẫu, đúng size; kiểm tra kỹ chất lượng (vải, khóa kéo, phụ kiện) trước khi xuất kho. Chịu trách nhiệm 100% về độ chính xác của đơn hàng.
•        Bảo quản & Chuẩn bị: Phân loại, sắp xếp váy/vest/phụ kiện ngăn nắp; sử dụng bàn ủi hơi nước làm phẳng trang phục trước khi giao.
•        Thu hồi & Xử lý: Tiếp nhận trang phục trả về, kiểm tra hỏng hóc/vết bẩn/thiếu sót để lập biên bản; bàn giao và tiếp nhận từ đơn vị giặt hấp chuyên dụng.

🎯 YÊU CẦU CÔNG VIỆC

•        Kinh nghiệm: Từ 1 năm ở vị trí tương đương (Ưu tiên kho thời trang, studio cưới, may mặc).
•        Kỹ năng: Biết sử dụng máy tính cơ bản (Excel/Word/phần mềm); sử dụng thành thạo bàn ủi hơi nước đứng.
•        Yêu cầu khác: Sức khỏe tốt, cẩn thận, chỉn chu, trung thực và có trách nhiệm cao với tài sản & số liệu.

🎁 QUYỀN LỢI

•        Thu nhập hấp dẫn: 9 - 12 triệu/tháng + Thưởng 10k/đơn kiểm kê thành công.
•        Môi trường làm việc trẻ trung, văn minh, sáng tạo.
•        Được đào tạo quy trình bảo quản thời trang cao cấp và vận hành kho chuyên nghiệp.

📌 TUYỂN DỤNG: NHÂN VIÊN PHÒNG VEST (SUIT FITTING STYLIST)

•        Mức thu nhập (Full-time): 10 - 15 triệu/tháng (Lương cứng + Hoa hồng + Phụ cấp take khách).
•        Địa điểm: 33 Hoàng Văn Thụ, P.15, Q. Phú Nhuận, TP.HCM
•        Thời gian làm việc:
•        Full-time: 08:00 – 21:00 (Nghỉ giữa ca linh hoạt, LCB thử việc: 7tr | Chính thức: 8tr + Hoa hồng).
•        Part-time: Ca 1 (08:00 – 16:00) | Ca 2 (13:00 – 21:00) (LCB thử việc: 4.5tr | Chính thức: 5.5tr + Hoa hồng).
•        Nghỉ linh hoạt theo sự sắp xếp của Quản lý.

📋 MÔ TẢ CÔNG VIỆC

•        Tư vấn & Fit đồ: Đón tiếp, tư vấn mẫu vest/phụ kiện phù hợp vóc dáng & concept sự kiện cho chú rể; hỗ trợ thử đồ và lấy số đo chỉnh sửa cho thợ may.
•        Quản lý phòng vest: Sắp xếp, trưng bày trang phục đẹp mắt, khoa học; kiểm tra tình trạng đồ trước/sau khi khách thử và kiểm kê định kỳ.
•        Phối hợp liên bộ phận: Làm việc chặt chẽ với Sales & Photographer để chuẩn bị trang phục sẵn sàng, đúng giờ.

🎯 YÊU CẦU CÔNG VIỆC

•        Độ tuổi: 20 – 30 tuổi (Tốt nghiệp THPT trở lên).
•        Kinh nghiệm: Từ 01 năm làm tư vấn/bán hàng (Ưu tiên thời trang, studio, mỹ phẩm cao cấp. Chưa có kinh nghiệm vest sẽ được đào tạo).
•        Tố chất: Ngoại hình chỉn chu, giao tiếp tự tin, có gu thẩm mỹ, tỉ mỉ và chu đáo với khách hàng.

🎁 QUYỀN LỢI

•        Thu nhập hấp dẫn: Lương cứng + Hoa hồng theo lượt khách + Phụ cấp take khách đi tỉnh (300k - 1.5tr/lần).
•        Được đào tạo bài bản thành Stylist chuyên nghiệp.
•        Lộ trình thăng tiến rõ ràng lên Senior Stylist, Leader, Manager.

📥 CÁCH THỨC ỨNG TUYỂN:

•        Gửi CV (kèm Portfolio nếu có) qua Zalo: Mr. Hùng – 09831 44444
•        Inbox trực tiếp Fanpage: CAMA Haute Couture
•        Địa điểm làm việc: 33 Hoàng Văn Thụ, P.15, Q. Phú Nhuận, TP.HCM

",,,,,,,,,https://business.facebook.com/latest/insights/object_insights/?asset_id=122099962358009522&ir_qe_exposed=1&content_id=122416177664002911&nav_ref=bizweb_planner_weekly_view,#REF!,
,,,,,,,,,,,,,,,,,,,,#REF!,
,,,,,,,,,,,,,,,,,,,,#REF!,
,,,,,,,,,,,,,,,,,,,,#REF!,
,,,,,,,,,,,,,,,,,,,,#REF!,
,,,,,,,,,,,,,,,,,,,,#REF!,
,,,,,,,,,,,,,,,,,,,,#REF!,
,,,,,,,,,,,,,,,,,,,,#REF!,
,,,,,,,,,,,,,,,,,,,,#REF!,
,,,,,,,,,,,,,,,,,,,,#REF!,
,,,,,,,,,,,,,,,,,,,,#REF!,
,,,,,,,,,,,,,,,,,,,,#REF!,
,,,,,,,,,,,,,,,,,,,,#REF!,
,,,,,,,,,,,,,,,,,,,,#REF!,
,,,,,,,,,,,,,,,,,,,,#REF!,